Id;Materia;Dificultad;Tipo;Pregunta;A;B;C;D;Correcta
1;Àlgebra Lineal;Facil;Teoria;¿Qué es un espacio vectorial?;Conjunto con suma y producto por escalar sobre un cuerpo;Un grupo;Un anillo;Un cuerpo;A
2;Àlgebra Lineal;Facil;Teoria;¿Qué es un subespacio vectorial?;Un subconjunto cerrado bajo suma y producto por escalar;Un conjunto cualquiera de vectores;Un conjunto de matrices invertibles;El conjunto de autovalores;A
3;Àlgebra Lineal;Media;Teoria;¿Cuál es el rango de una matriz 3×3 con determinante 0?;≤2;3;0;1;A
4;Àlgebra Lineal;Dificil;Teoria;En la descomposición SVD de A=UΣVᵀ, las columnas de V son:;Autovectores de AᵀA;Autovectores de AAᵀ;Autovalores de A;Filas de U;A
5;Àlgebra Lineal;Dificil;Teoria;¿Qué condición debe cumplir una matriz para ser diagonalizable ortogonalmente?;Ser simétrica;Tener determinante no nulo;Ser triangular;Tener rango máximo;A
6;Àlgebra Lineal;Facil;Calculo;¿Cuál es el módulo del vector (3,4)?;5;7;12;25;A
7;Àlgebra Lineal;Facil;Calculo;¿Cuál es la traza de matriz diagonal con elementos 1,2,3?;1;3;6;5;C
8;Àlgebra Lineal;Media;Calculo;¿Cuál es el determinante de [[2,1],[5,3]]?;1;2;3;4;A
9;Àlgebra Lineal;Media;Calculo;¿Cuál es el rango de la matriz [[1,2],[2,4]]?;0;1;2;3;B
10;Àlgebra Lineal;Dificil;Calculo;Si dim(ker(A))=2 y A es 4x4, ¿cuál es el rango de A?;1;2;3;4;B
11;Càlcul en una Variable;Facil;Teoria;¿Qué mide la derivada de f en un punto?;La tasa de cambio instantánea;El área bajo la curva;El valor medio en todo el intervalo;El máximo global;A
12;Càlcul en una Variable;Media;Teoria;¿Cuándo converge la serie geométrica Σ r^n (n=0..∞)?;Cuando |r|<1;Cuando r>1;Cuando r=2;Cuando r<−2;A
13;Càlcul en una Variable;Dificil;Teoria;Si f es continua en [a,b] y F'(x)=f(x), ¿qué afirma el teorema fundamental del cálculo?;∫ₐᵇ f = F(b)-F(a);F es derivable;f es integrable;F es continua;A
14;Càlcul en una Variable;Dificil;Teoria;¿Qué expresa el teorema del valor medio para derivadas en [a,b]?;Existe c en (a,b) con f'(c)=(f(b)-f(a))/(b-a);f es constante en [a,b];f tiene máximo en c;f'(a)=f'(b);A
15;Càlcul en una Variable;Dificil;Teoria;¿Qué significa que una sucesión de funciones converja uniformemente en [a,b]?;Que el supremo de |f_n-f| en [a,b] tiende a 0;Que converge punto a punto en un único x;Que todas las derivadas convergen;Que la integral de f_n es constante;A
16;Càlcul en una Variable;Facil;Calculo;¿Cuál es la integral de e^x dx?;e^x;xe^x;e^x/x;e^(x+1);A
17;Càlcul en una Variable;Facil;Calculo;¿Cuánto es ∫₀¹ x² dx?;1/2;1/3;1;2/3;B
18;Càlcul en una Variable;Facil;Calculo;Si f(x)=x², ¿cuál es la integral definida de 0 a 2?;4;8/3;2;6;B
19;Càlcul en una Variable;Media;Calculo;¿Cuál es el límite de (x^2-1)/(x-1) cuando x tiende a 1?;0;1;2;No existe;C
20;Càlcul en una Variable;Media;Calculo;¿A qué valor converge la serie geométrica Σ_{n=0}∞ (1/2)^n?;1;2;3;No converge;B
21;Fonaments de Computadors;Facil;Teoria;¿Qué es el ancho de banda?;Capacidad de transmisión de datos;Velocidad;Latencia;Throughput;A
22;Fonaments de Computadors;Facil;Teoria;¿Qué es la latencia?;Tiempo de respuesta;Ancho de banda;Throughput;Capacidad;A
23;Fonaments de Computadors;Dificil;Teoria;¿Qué es el ciclo de instrucción?;Fetch, decode, execute, writeback;Solo execute;Solo fetch;2 fases;A
24;Fonaments de Computadors;Dificil;Teoria;¿Qué problema busca mitigar la política LRU en una caché?;Reducir fallos de caché al reutilizar datos recientes;Aumentar la frecuencia del reloj;Eliminar la memoria virtual;Duplicar el ancho de palabra;A
25;Fonaments de Computadors;Dificil;Teoria;¿Qué es la CPU?;Unidad central de procesamiento;Memoria;Disco;Red;A
26;Fonaments de Computadors;Facil;Calculo;Si un procesador ejecuta 2·10^9 ciclos/s con CPI medio 2, ¿cuántas instrucciones/s ejecuta?;10^9;2·10^9;4·10^9;5·10^8;A
27;Fonaments de Computadors;Facil;Calculo;Un pipeline ideal de 5 etapas ejecuta 100 instrucciones. Si el llenado y vaciado añaden 4 ciclos, ¿ciclos totales?;100;104;500;96;B
28;Fonaments de Computadors;Media;Calculo;Si una CPU de 3 GHz tarda 6 ciclos en completar una instrucción concreta, ¿tiempo por instrucción?;0.5 ns;2 ns;6 ns;18 ns;B
29;Fonaments de Computadors;Media;Calculo;Si una caché tiene tasa de aciertos 95% y el acceso en fallo cuesta 100 ns extra, ¿penalización media por acceso?;5 ns;95 ns;100 ns;10 ns;A
30;Fonaments de Computadors;Media;Calculo;¿Cuántos valores puede representar 1 bit?;8;0;2;1;C
31;Iniciació a la Programació;Facil;Teoria;¿Qué es un bucle while?;Itera mientras la condición sea verdadera;Itera un número fijo de veces;Itera solo sobre listas;No existe;A
32;Iniciació a la Programació;Facil;Teoria;¿Qué es un array (lista)?;Estructura que almacena elementos indexados;Diccionario;Conjunto;Pila;A
33;Iniciació a la Programació;Media;Teoria;¿Qué es un bucle for?;Repite la ejecución sobre una secuencia o un rango;Condicional;Función;Clase;A
34;Iniciació a la Programació;Dificil;Teoria;¿Qué es un condicional if?;Ejecuta código si la condición es verdadera;Bucle;Función;Asignación;A
35;Iniciació a la Programació;Dificil;Teoria;¿Qué es el ámbito (scope) de una variable?;Zona del programa donde la variable es visible;Tipo de dato;Valor inicial;Nombre;A
36;Iniciació a la Programació;Facil;Calculo;¿Cuál es el resultado de [10, 20, 30][-1] en Python?;10;20;30;Error;C
37;Iniciació a la Programació;Facil;Calculo;¿Cuántos valores puede tomar un bool?;2;1;0;Infinitos;A
38;Iniciació a la Programació;Media;Calculo;¿Cuántas iteraciones realiza for i in range(5)?;4;6;0;5;D
39;Iniciació a la Programació;Media;Calculo;¿Cuál es len([1, 2, 3, 4, 5]) en Python?;5;4;6;Error;A
40;Iniciació a la Programació;Dificil;Calculo;¿Qué hace el operador módulo (%)?;Potencia;Resto de la división entera;División;Multiplicación;B
41;Programari de Sistema;Facil;Teoria;¿Qué es un shell en Unix/Linux?;Interfaz que interpreta y ejecuta comandos del usuario;El núcleo del sistema operativo;Un compilador de C;Un gestor de paquetes;A
42;Programari de Sistema;Facil;Teoria;¿Qué es la salida estándar (stdout)?;Flujo donde un programa escribe su salida normal;La entrada del teclado;Solo mensajes de error;Un archivo fijo en /tmp;A
43;Programari de Sistema;Media;Teoria;¿Qué hace el operador de tubería (pipe) `|` en una shell tipo Unix?;Conecta la salida estándar de un comando con la entrada estándar del siguiente;Crea siempre un archivo temporal en disco;Ejecuta el segundo comando antes que el primero;Duplica la entrada estándar al error estándar;A
44;Programari de Sistema;Dificil;Teoria;¿Qué hace `git commit` en un repositorio local?;Registra una instantánea de los cambios preparados en el historial;Sube automáticamente al servidor remoto;Borra los cambios no guardados;Crea siempre una rama nueva;A
45;Programari de Sistema;Dificil;Teoria;¿Qué es un compilador?;Programa que traduce código fuente a código objeto o ejecutable;Programa que ejecuta el código línea a línea sin traducir;El intérprete de comandos del sistema;Una herramienta para clonar repositorios;A
46;Programari de Sistema;Facil;Calculo;¿Qué comando sube un nivel de directorio?;cd ..;cd /;cd -;cd up;A
47;Programari de Sistema;Facil;Calculo;¿Qué comando crea un archivo vacío?;mkfile;new;create;touch;D
48;Programari de Sistema;Media;Calculo;¿Qué comando lista archivos incluyendo ocultos?;ls;ls -a;dir;ls -l;B
49;Programari de Sistema;Media;Calculo;Si en un directorio hay 5 archivos y ejecutas `ls | wc -l`, ¿qué número imprime wc -l?;5;1;0;10;A
50;Programari de Sistema;Dificil;Calculo;Tras `gcc main.c -o ejecutable`, ¿cómo se llama el binario generado?;ejecutable;main.c;gcc;a.out siempre;A
51;Algorítmia i Combinatòria en Grafs. Mètodes Heurístics;Facil;Teoria;¿Qué es un grafo completo K_n?;Todos los vértices están conectados entre sí;Un grafo sin aristas;Un árbol con raíz;Un grafo bipartito siempre;A
52;Algorítmia i Combinatòria en Grafs. Mètodes Heurístics;Facil;Teoria;¿Qué es un árbol en teoría de grafos?;Grafo conexo sin ciclos;Grafo completo;Grafo con exactamente un ciclo por vértice;Grafo bipartito con raíz;A
53;Algorítmia i Combinatòria en Grafs. Mètodes Heurístics;Media;Teoria;¿Qué es un grafo euleriano?;Grafo con un circuito que recorre cada arista exactamente una vez;Grafo completo;Árbol de expansión mínima;Grafo bipartito con matching perfecto;A
54;Algorítmia i Combinatòria en Grafs. Mètodes Heurístics;Dificil;Teoria;¿Qué condición necesita un grafo conexo para tener un circuito euleriano?;Todos los vértices tienen grado par;Exactamente dos vértices tienen grado impar;Es bipartito;Tiene al menos un ciclo hamiltoniano;A
55;Algorítmia i Combinatòria en Grafs. Mètodes Heurístics;Dificil;Teoria;En un grafo bipartito con partición (X, Y), ¿qué acota el tamaño del matching máximo?;min(|X|, |Y|);max(|X|, |Y|);|X| + |Y|;|E|;A
56;Algorítmia i Combinatòria en Grafs. Mètodes Heurístics;Facil;Calculo;¿Cuál es el grado de un vértice en el grafo completo K5?;4;5;10;20;A
57;Algorítmia i Combinatòria en Grafs. Mètodes Heurístics;Facil;Calculo;¿Cuántas aristas tiene el grafo completo K5?;4;5;10;20;C
58;Algorítmia i Combinatòria en Grafs. Mètodes Heurístics;Media;Calculo;Grafo acíclico con 10 vértices y 7 aristas. ¿Cuántas componentes conexas?;1;3;2;4;B
59;Algorítmia i Combinatòria en Grafs. Mètodes Heurístics;Media;Calculo;¿Cuántos caminos de longitud 2 hay en el grafo completo K4?;6;4;12;16;C
60;Algorítmia i Combinatòria en Grafs. Mètodes Heurístics;Dificil;Calculo;Grafo acíclico con 10 vértices y 4 aristas. ¿Cuántas componentes conexas?;1;5;6;No está determinado;C
61;Càlcul en Diverses Variables;Facil;Teoria;¿Cuándo f es diferenciable en un punto?;Si tiene derivadas parciales;Si es continua;Si existe plano tangente que aproxima bien;Si tiene gradiente;C
62;Càlcul en Diverses Variables;Facil;Teoria;¿Qué son las coordenadas cilíndricas?;(r,θ,z) con x=r cos θ, y=r sin θ;Solo (x,y,z);Coordenadas esféricas;Coordenadas polares 3D;A
63;Càlcul en Diverses Variables;Facil;Teoria;¿Cuál es el gradiente de f en mínimo?;0;1;∞;-1;A
64;Càlcul en Diverses Variables;Dificil;Teoria;¿Qué es el gradiente de f(x,y)?;Vector (∂f/∂x, ∂f/∂y);La derivada;El hessiano;La integral;A
65;Càlcul en Diverses Variables;Dificil;Teoria;¿Qué es un campo conservativo?;Gradiente de un potencial;Divergencia nula;Rotacional nulo;A y C;D
66;Càlcul en Diverses Variables;Facil;Calculo;¿Cuál es la derivada parcial ∂/∂x de x²y?;x²;2xy;y²;2x+y;B
67;Càlcul en Diverses Variables;Media;Calculo;¿Cuánto es ∫∫_D 1 dA si D es círculo radio 1?;1;2π;π/2;π;D
68;Càlcul en Diverses Variables;Media;Calculo;Para x = r·cos(θ) e y = r·sin(θ), ¿cuál es el jacobiano |∂(x,y)/∂(r,θ)|?;r;r²;1;r/2;A
69;Càlcul en Diverses Variables;Media;Calculo;En coordenadas polares, ¿cuál es el jacobiano de la transformación (r, θ) → (x, y)?;r;r²;1;r/2;A
70;Càlcul en Diverses Variables;Dificil;Calculo;¿Cuál es la derivada parcial ∂/∂y de x²y?;2xy;x²;y²;2x;B
71;Càlcul Numèric;Facil;Teoria;¿Qué es la regla del trapecio?;Aproximación de integral por trapecios;Método de Simpson;Monte Carlo;Cuadratura de Gauss;A
72;Càlcul Numèric;Facil;Teoria;¿Qué es el error de redondeo?;Error por precisión finita de coma flotante;Error de truncamiento;Error de modelo;Error de medición;A
73;Càlcul Numèric;Media;Teoria;¿Qué es un punto fijo de y'=f(y)?;Valor y donde f(y)=0;Donde y'=1;Máximo local;Mínimo local;A
74;Càlcul Numèric;Media;Teoria;¿Qué es el método de Newton-Raphson?;Método iterativo que usa f(x) y f'(x) para aproximar una raíz de f(x)=0;Integración numérica por trapecios;Resolución directa de sistemas lineales;Búsqueda de raíz dividiendo un intervalo a la mitad;A
75;Càlcul Numèric;Dificil;Teoria;¿Qué es el orden de convergencia?;Tasa con la que el error decrece al refinar el paso o las iteraciones;Número de evaluaciones de f;Estabilidad del método;Consistencia del esquema;A
76;Càlcul Numèric;Facil;Calculo;Si el valor real es 10 y la aproximación es 11, ¿cuál es el error relativo?;0,1;1;0,01;10;A
77;Càlcul Numèric;Facil;Calculo;Newton-Raphson para f(x)=x²−2 con x₀=1. ¿Cuál es x₁?;1;1,5;2;0,5;B
78;Càlcul Numèric;Media;Calculo;¿Cuántas iteraciones de bisección en [0,1] se necesitan para error < 0,001?;10;9;11;8;A
79;Càlcul Numèric;Dificil;Calculo;Regla de Simpson para ∫₀¹ x² dx con 2 subintervalos. ¿Resultado?;1/3;1/2;1/4;1;A
80;Càlcul Numèric;Dificil;Calculo;Si f es C² en [a,b], ¿cómo escala usualmente el error global de la regla del trapecio compuesto con paso h=(b-a)/n?;O(h³);O(h);O(1/h);O(h²);D
81;Probabilitat;Facil;Teoria;¿Qué es la esperanza E(X)?;Media (valor medio) de la distribución de X;Medida de dispersión de X;Valor más probable de X;Mediana de X;A
82;Probabilitat;Facil;Teoria;¿Cuándo son independientes dos eventos A y B?;Si P(A∩B)=P(A)·P(B);Si P(A|B)=P(B|A);Si P(A)+P(B)=1;Si P(A∪B)=P(A)+P(B);A
83;Probabilitat;Media;Teoria;Si P(B)>0, ¿qué expresa P(A|B)=P(A∩B)/P(B)?;Definición de probabilidad condicional;Regla de la multiplicación;Ley de probabilidad total;Definición de independencia;A
84;Probabilitat;Dificil;Teoria;¿Cuál es la fórmula de la probabilidad de la unión P(A∪B)?;P(A)+P(B)−P(A∩B);P(A)+P(B);P(A)·P(B);P(A)−P(B);A
85;Probabilitat;Dificil;Teoria;Si A₁,…,Aₙ forman una partición del espacio muestral, ¿cómo se expresa P(B)?;Σᵢ P(B|Aᵢ)·P(Aᵢ) (ley de probabilidad total);P(B|A₁) únicamente;P(A₁)+P(A₂);P(B)·P(Aᵢ);A
86;Probabilitat;Facil;Calculo;¿Cuál es la varianza de la variable aleatoria constante X=5?;0;5;25;1;A
87;Probabilitat;Facil;Calculo;Si X sigue Binomial(n=5, p=0,5), ¿cuál es E(X)?;2;5;1,25;2,5;D
88;Probabilitat;Media;Calculo;Si X~Poisson con λ=2, ¿cuál es P(X=0)?;0;e^(-2);1−e^(-2);2;B
89;Probabilitat;Media;Calculo;Con una moneda justa, ¿cuál es P(obtener 2 caras en 2 lanzamientos)?;0,25;0,5;1;0;A
90;Probabilitat;Dificil;Calculo;Si P(A)=0,1, P(B|A)=0,9 y P(B)=0,5, ¿cuál es P(A|B) según el teorema de Bayes?;0,18;0,9;0,05;0,5;A
91;Programació Orientada als Objectes;Facil;Teoria;¿Qué es la herencia?;Una subclase hereda atributos y métodos de una superclase;Ocultar datos internos;Sustituir una implementación por otra;Definir varios métodos con el mismo nombre;A
92;Programació Orientada als Objectes;Facil;Teoria;¿Qué es el encapsulamiento?;Ocultar el estado interno y exponer una interfaz controlada;Herencia múltiple;Crear instancias sin constructor;Importar módulos;A
93;Programació Orientada als Objectes;Media;Teoria;¿Qué es el polimorfismo?;La misma interfaz con distintas implementaciones;Copiar código entre clases;Ejecutar código en paralelo;Compilar a bytecode;A
94;Programació Orientada als Objectes;Dificil;Teoria;¿Qué es el acoplamiento en diseño de software?;Grado de dependencia entre módulos o clases;Número de métodos públicos;Tamaño de la jerarquía de herencia;Uso de tipado estático;A
95;Programació Orientada als Objectes;Dificil;Teoria;¿Qué es la cohesión en diseño de software?;Grado en que los elementos de un módulo pertenecen juntos;Herencia entre clases;Número de instancias creadas;Velocidad de ejecución;A
96;Programació Orientada als Objectes;Facil;Calculo;En Python, si C es una clase, ¿cuántas instancias crea la expresión C()?;1;0;2;Depende del nombre de la clase;A
97;Programació Orientada als Objectes;Facil;Calculo;En Python, en def metodo(self, x), ¿cuántos argumentos debe pasar el llamador (sin contar self)?;1;2;0;self;A
98;Programació Orientada als Objectes;Media;Calculo;En Python, si a=Foo() y b=Foo() con la misma clase Foo, ¿es cierto a is b?;No;Sí;Solo si Foo tiene __slots__;Solo en Python 2;A
99;Programació Orientada als Objectes;Media;Calculo;En Python, class C: def __init__(self): self.v=1. Tras c=C(), ¿cuál es c.v?;1;0;Ninguno;Error;A
100;Programació Orientada als Objectes;Dificil;Calculo;En Python, ¿cuántas definiciones efectivas de __init__ puede tener una misma clase?;Una (la última definida sobrescribe las anteriores);Tantas como métodos heredados;Ilimitadas simultáneas;Ninguna;A
101;Bases de Dades Relacionals;Facil;Teoria;¿Qué hace GROUP BY?;Agrupa filas por valores de columnas;Ordena;Filtra;Une tablas;A
102;Bases de Dades Relacionals;Facil;Teoria;¿Qué es una clave foránea?;Referencia a clave primaria de otra tabla;Clave primaria;Índice único;Check constraint;A
103;Bases de Dades Relacionals;Media;Teoria;¿Qué hace HAVING?;Filtra grupos después de GROUP BY;Filtra filas antes de agrupar;Ordena;Agrupa;A
104;Bases de Dades Relacionals;Dificil;Teoria;¿Qué hace la sentencia DELETE?;Eliminar filas de una tabla;Insertar;Consultar;Modificar;A
105;Bases de Dades Relacionals;Dificil;Teoria;¿Qué objetivo principal persigue la normalización en el diseño relacional?;Reducir redundancia y anomalías de actualización;Acelerar siempre las consultas;Cifrar los datos almacenados;Replicar tablas en varios servidores;A
106;Bases de Dades Relacionals;Facil;Calculo;¿Máximo de columnas en clave compuesta?;Todas las de la tabla;1;2;10;A
107;Bases de Dades Relacionals;Facil;Calculo;3 tablas con 2, 3, 4 filas. Producto cartesiano?;24;9;6;12;A
108;Bases de Dades Relacionals;Media;Calculo;¿Cuántas filas en producto cartesiano de tablas con 3 y 4 filas?;1;4;7;12;D
109;Bases de Dades Relacionals;Media;Calculo;¿Cuántas claves candidatas en tabla con 2 columnas ambas únicas?;1;2;4;0;B
110;Bases de Dades Relacionals;Dificil;Calculo;¿Resultado de SELECT COUNT(*) FROM ventas WHERE importe>100 si hay exactamente 12 filas que cumplen la condición?;12;1;0;COUNT;A
111;Equacions Diferencials Ordinàries;Facil;Teoria;¿Qué es Runge-Kutta?;Familia de métodos de integración numérica;Euler;Diferencias finitas;Elementos finitos;A
112;Equacions Diferencials Ordinàries;Facil;Teoria;¿Qué indica el orden de una EDO?;El orden de la derivada más alta que aparece;El número de variables independientes;El número de soluciones distintas;El paso del método numérico;A
113;Equacions Diferencials Ordinàries;Media;Teoria;¿Qué es una EDO autónoma?;y'=f(y) sin dependencia explícita en t;Lineal;Homogénea;Con coeficientes constantes;A
114;Equacions Diferencials Ordinàries;Dificil;Teoria;¿Qué es el método de Euler?;Integración numérica de primer orden;Runge-Kutta;Adams;BDF;A
115;Equacions Diferencials Ordinàries;Dificil;Teoria;Para EDO rígida, ¿qué tipo de método es preferible?;Implícito;Explícito Euler;Adams-Bashforth;RK explícito;A
116;Equacions Diferencials Ordinàries;Facil;Calculo;¿Cuál es el orden del método de Euler?;1;2;0;3;A
117;Equacions Diferencials Ordinàries;Facil;Calculo;¿Cuántas condiciones iniciales para EDO orden 2?;2;1;3;0;A
118;Equacions Diferencials Ordinàries;Media;Calculo;¿Cuál es la solución de y'=y, y(0)=1?;e^x;x;1;e;A
119;Equacions Diferencials Ordinàries;Media;Calculo;¿Cuál es la solución general de y''+y=0?;A cos x + B sin x;e^x;x;A e^x;A
120;Equacions Diferencials Ordinàries;Dificil;Calculo;Si y''+y=0 con y(0)=-1 e y'(0)=0, ¿cuál es y(π)?;1;-1;0;π;A
121;Modelització i Inferència;Facil;Teoria;¿Qué es un modelo estadístico?;Representación matemática simplificada de un fenómeno;La verdad exacta del sistema real;Solo un gráfico exploratorio;Un programa informático sin datos;A
122;Modelització i Inferència;Facil;Teoria;¿Qué es el p-valor?;Probabilidad de observar datos o más extremos bajo H0;Nivel de significación;Potencia;Tamaño del efecto;A
123;Modelització i Inferència;Media;Teoria;¿Qué es la potencia de un contraste?;P(rechazar H0 cuando H1 es cierta);P(error tipo I);P-valor;Nivel de significación;A
124;Modelització i Inferència;Dificil;Teoria;¿Qué es un intervalo de confianza?;Rango que, con un nivel de confianza, contiene el parámetro;Probabilidad de que H0 sea cierta;Siempre coincide con la media muestral;Solo se usa en inferencia bayesiana;A
125;Modelització i Inferència;Dificil;Teoria;¿Qué es el error tipo I en un contraste?;Rechazar H0 cuando H0 es cierta;No rechazar H0 cuando H1 es cierta;Confundir correlación con causalidad;Estimar mal la desviación típica;A
126;Modelització i Inferència;Facil;Calculo;IC 95% [0.5, 1.5] para OR. ¿Significativo?;No (contiene 1);Sí;Depende;No se puede;A
127;Modelització i Inferència;Facil;Calculo;Si p-valor=0.03 y α=0.05, ¿rechazar H0?;Depende;No se puede;Sí;No;C
128;Modelització i Inferència;Media;Calculo;Desviación típica de 2, 4, 6 y 8 (aprox);2,24;2;3;1;A
129;Modelització i Inferència;Media;Calculo;IC 95% con error estándar SE=0,05 y z≈1,96. ¿Margen de error aproximado?;0,05;0,10;0,02;0,25;B
130;Modelització i Inferència;Dificil;Calculo;IC al 95% para la media: n=100, desviación típica σ=10, z≈1,96. ¿Margen de error (σ/√n)·z?;0,196;19,6;3,92;1,96;D
131;Tècniques de Disseny d'Algoritmes;Facil;Teoria;¿Qué es un algoritmo?;Secuencia finita de pasos para resolver un problema;Programa;Código;Función;A
132;Tècniques de Disseny d'Algoritmes;Facil;Teoria;¿Qué estructura usa LIFO?;Pila;Cola;Lista;Árbol;A
133;Tècniques de Disseny d'Algoritmes;Media;Teoria;¿Qué es un algoritmo voraz?;Explora todo el espacio;Programación dinámica;Branch and bound;En cada paso elige la opción localmente óptima;D
134;Tècniques de Disseny d'Algoritmes;Media;Teoria;¿Qué es la subestructura óptima?;La solución óptima se compone de soluciones óptimas de subproblemas;Elección voraz;Solapamiento;Recursión;A
135;Tècniques de Disseny d'Algoritmes;Dificil;Teoria;¿Qué es la memoización?;Almacenar resultados de subproblemas ya resueltos;Iteración;Recursión pura;Podar ramas del árbol de búsqueda;A
136;Tècniques de Disseny d'Algoritmes;Facil;Calculo;¿Cuál es la complejidad media de quicksort?;O(n log n);O(n);O(log n);O(n²);A
137;Tècniques de Disseny d'Algoritmes;Facil;Calculo;¿Cuál es la complejidad de la búsqueda binaria?;O(n);O(1);O(n²);O(log n);D
138;Tècniques de Disseny d'Algoritmes;Media;Calculo;En una tabla hash con buena función de dispersión, ¿cuál es la complejidad media de búsqueda?;O(1);O(n);O(log n);O(n²);A
139;Tècniques de Disseny d'Algoritmes;Dificil;Calculo;¿Cuál es la complejidad de Fibonacci recursivo puro?;O(n);O(n²);O(log n);O(2^n);D
140;Tècniques de Disseny d'Algoritmes;Dificil;Calculo;¿Cuál es la complejidad de buscar en una lista no ordenada de n elementos?;O(n);O(log n);O(1);O(n²);A
141;Visualització 3D;Facil;Teoria;El complejo de Vietoris-Rips sobre una nube de puntos se construye conectando pares a distancia menor o igual que:;Un umbral de escala ε;La mediana de todas las distancias;El diámetro del conjunto;Cero;A
142;Visualització 3D;Media;Teoria;¿Qué hace la puerta CNOT?;NOT controlado: invierte el target si control es |1⟩;Rotación;Hadamard;Medición;A
143;Visualització 3D;Media;Teoria;¿Qué es la intersección de dos planos?;Un plano;Vacía;Una recta (si no son paralelos);Un punto;C
144;Visualització 3D;Dificil;Teoria;La distancia de Wasserstein entre diagramas de persistencia mide:;La correlación de Pearson;Un coste óptimo de emparejar puntos birth-death entre diagramas;El volumen del complejo;La curvatura media de la superficie;B
145;Visualització 3D;Dificil;Teoria;¿Qué representa habitualmente una proyección cilíndrica en dibujo técnico industrial?;Conservar la forma circular en planos paralelos al eje y desarrollar la superficie curva;Eliminar siempre la perspectiva cónica;Igualar escalas en todos los planos sin distorsión angular;Proyectar solo con un punto de fuga;A
146;Visualització 3D;Facil;Calculo;Área rectángulo 3×4?;12;7;6;14;A
147;Visualització 3D;Facil;Calculo;¿Cuántas dimensiones en Laplaciano 3D?;3;1;2;0;A
148;Visualització 3D;Media;Calculo;¿Cuántos puntos definen una recta?;1;4;3;2;D
149;Visualització 3D;Media;Calculo;En el espacio afín, ¿cuántos puntos en posición general definen un plano único?;3;2;4;1;A
150;Visualització 3D;Dificil;Calculo;¿Cuántos puntos definen una recta en 3D?;3;2;1;4;B
151;Anàlisi Complexa i de Fourier;Facil;Teoria;¿Cuántas raíces n-ésimas tiene un complejo?;n;1;n²;0;A
152;Anàlisi Complexa i de Fourier;Media;Teoria;¿Qué es el cuerpo de los reales?;De los enteros;De los complejos;De los racionales;R con suma y producto usual;D
153;Anàlisi Complexa i de Fourier;Media;Teoria;¿Qué condición define que una función f sea holomorfa en un abierto del plano complejo?;Ser compleja derivable en cada punto del abierto (en sentido complejo);Ser continua y acotada en todo el plano;Tener parte real identicamente nula;Ser polinomio de coeficientes enteros;A
154;Anàlisi Complexa i de Fourier;Dificil;Teoria;Para la transformada de Fourier de f*g (convolución), ¿cuál es el resultado?;F(ω)G(ω);F(ω)+G(ω);F(ω)-G(ω);F(ω)/G(ω);A
155;Anàlisi Complexa i de Fourier;Dificil;Teoria;Para función holomorfa en abierto simplemente conexo, ∫_Γ f(z)dz para Γ cerrada?;Siempre 0;Depende de polos;2πi por residuos;Puede ser no cero;A
156;Anàlisi Complexa i de Fourier;Facil;Calculo;¿Cuántos periodos en anualidad 5 años?;5;10;1;20;A
157;Anàlisi Complexa i de Fourier;Facil;Calculo;¿Cuál es el conjugado de 3+4i?;3-4i;3+4i;-3-4i;4+3i;A
158;Anàlisi Complexa i de Fourier;Media;Calculo;¿Cuál es el residuo de 1/z en z=0?;1;0;∞;-1;A
159;Anàlisi Complexa i de Fourier;Media;Calculo;¿Qué es una función holomorfa?;Compleja diferenciable en abierto;Continua;Analítica real;Integrable;A
160;Anàlisi Complexa i de Fourier;Dificil;Calculo;En expansión de Laurent de f(z)=1/(z²(z-1)) alrededor de z=0, ¿coeficiente de 1/z?;0;1;2;-1;D
161;Anàlisi de Dades Complexes;Facil;Teoria;¿Qué es la matriz de confusión?;Tabla TP, TN, FP, FN;Matriz de correlación;Matriz de covarianza;Matriz de datos;A
162;Anàlisi de Dades Complexes;Media;Teoria;¿Qué es la precisión en clasificación?;TP/(TP+FP);TP/(TP+FN);TN/(TN+FP);(TP+TN)/total;A
163;Anàlisi de Dades Complexes;Media;Teoria;¿Qué es el recall?;TP/(TP+FN);TP/(TP+FP);Precisión;F1;A
164;Anàlisi de Dades Complexes;Dificil;Teoria;¿Cómo se define la correlación de Spearman?;Para variables ordinales o no lineales;Múltiple;Parcial;Lineal;A
165;Anàlisi de Dades Complexes;Dificil;Teoria;¿Qué es el análisis de componentes principales (PCA)?;Proyección a direcciones de máxima varianza;Clustering;Regresión;Clasificación;A
166;Anàlisi de Dades Complexes;Facil;Calculo;Correlación de Pearson entre X y -X?;-1;1;0;No definida;A
167;Anàlisi de Dades Complexes;Facil;Calculo;¿Cuántos componentes en PCA para 10 variables?;≤10;10;1;5;A
168;Anàlisi de Dades Complexes;Media;Calculo;R² en regresión con 0 varianza explicada?;0.5;-1;1;0;D
169;Anàlisi de Dades Complexes;Media;Calculo;Si ACF(1)=0.8 ACF(2)=0.6 ¿hay autocorrelación?;Sí fuerte;Nula;Débil;No;A
170;Anàlisi de Dades Complexes;Dificil;Calculo;¿Cuántos clusters en K-means con K=3?;1;3;n;2;B
171;Intel·ligència Artificial;Facil;Teoria;¿Qué es la búsqueda en anchura?;Explorar por niveles;Profundidad;A*;Voraz;A
172;Intel·ligència Artificial;Media;Teoria;¿Qué es ARIMA?;Modelo autorregresivo integrado de medias móviles;Red neuronal;Regresión lineal;Clustering;A
173;Intel·ligència Artificial;Media;Teoria;¿Qué es el análisis de componentes principales en astrofísica?;Regresión;Reducir dimensionalidad de datos espectrales;Clasificación;Clustering;B
174;Intel·ligència Artificial;Dificil;Teoria;En un modelo de regresión con multicolinealidad severa, ¿qué problema afecta a los coeficientes estimados?;No normalidad;Inconsistencia;Alta varianza;Sesgo;C
175;Intel·ligència Artificial;Dificil;Teoria;En un modelo de colas M/M/1 con λ<μ, ¿cuál es la distribución del tiempo de espera en cola?;Exponencial;Erlang;Hiperexponencial;No tiene forma cerrada simple;A
176;Intel·ligència Artificial;Facil;Calculo;Error 0-1 con 10 aciertos de 100?;0.9;0.1;0.5;10;A
177;Intel·ligència Artificial;Facil;Calculo;¿Cuánto vale sigmoid(0)?;0.5;0;1;-1;A
178;Intel·ligència Artificial;Media;Calculo;¿Cuántos estados hay en un espacio con 10 variables binarias?;1024;100;20;512;A
179;Intel·ligència Artificial;Media;Calculo;¿Cuántos estados en espacio con 3 variables binarias?;2^3;3;n²;2n;A
180;Intel·ligència Artificial;Dificil;Calculo;En clasificación binaria con una sola salida sigmoide, ¿cuántas probabilidades de clase se modelan explícitamente?;2 (una por clase);3;0;1 (la complementaria queda implícita);D
181;Mètodes Numèrics i Probabilístics;Facil;Teoria;¿Qué es la varianza de una estimación Monte Carlo?;Medida de dispersión de las réplicas;Sesgo;Error absoluto;Convergencia;A
182;Mètodes Numèrics i Probabilístics;Media;Teoria;¿Qué es la convergencia de una simulación?;Estabilización de estimaciones al aumentar réplicas;Velocidad de ejecución;Tamaño del modelo;Número de variables;A
183;Mètodes Numèrics i Probabilístics;Media;Teoria;Las condiciones periódicas de contorno en una simulación sirven para:;Reducir efectos de borde imitando un sistema infinito;Eliminar todas las fuerzas;Fijar la temperatura a cero;Convertir el sistema en determinista;A
184;Mètodes Numèrics i Probabilístics;Dificil;Teoria;En Monte Carlo con el criterio de Metropolis, una propuesta que empeora la energía:;Puede aceptarse con probabilidad exp(-ΔE/kT);Siempre se rechaza;Siempre se acepta;Anula la simulación;A
185;Mètodes Numèrics i Probabilístics;Dificil;Teoria;En Monte Carlo, ¿qué suele reducir la varianza del estimador?;Usar un solo hilo;Eliminar el muestreo aleatorio;Fijar siempre la misma semilla sin repetir;Más réplicas independientes;D
186;Mètodes Numèrics i Probabilístics;Facil;Calculo;Media de 100 réplicas Monte Carlo?;Promedio de resultados;Primera;Última;Mediana;A
187;Mètodes Numèrics i Probabilístics;Facil;Calculo;¿Cuántas réplicas para 2 copias?;2;1;3;0;A
188;Mètodes Numèrics i Probabilístics;Media;Calculo;¿Cuántas iteraciones para convergencia O(1/n)?;1;log n;n²;n;D
189;Mètodes Numèrics i Probabilístics;Media;Calculo;Media de 1, 2, 3?;2;1;3;6;A
190;Mètodes Numèrics i Probabilístics;Dificil;Calculo;Con 100 réplicas Monte Carlo, error típico proporcional a?;1/100;1/10;1;10;B
191;Optimització;Facil;Teoria;¿Qué es el gradiente descendente?;Iterar en dirección opuesta al gradiente;Newton;Simplex;Branch and bound;A
192;Optimització;Media;Teoria;¿Qué es un óptimo único en convexo?;Si existe es único;Puede haber varios;No existe;Siempre infinitos;A
193;Optimització;Media;Teoria;¿Qué es el método del gradiente descendente?;Iterar en dirección -∇f;Newton;Simplex;Bisección;A
194;Optimització;Dificil;Teoria;En optimización no lineal sin restricciones, si el Hessiano en x* es semidefinido positivo pero no definido, x* puede ser:;Máximo estricto;Mínimo no estricto;Punto de silla;Ninguno;B
195;Optimització;Dificil;Teoria;En programación lineal, si el dual es no acotado, ¿qué ocurre con el primal?;No acotado;Solución óptima;Infactible;Degenerado;C
196;Optimització;Facil;Calculo;Valor óptimo de min x² s.a. x≥0?;0;1;-1;∞;A
197;Optimització;Facil;Calculo;¿Cuál es el gradiente de x²+y² en (0,0)?;(0,0);(2,2);(1,1);(1,0);A
198;Optimització;Media;Calculo;¿Cuántas iteraciones simplex típicas para problema 5×10?;O(50);1;O(5);O(100);C
199;Optimització;Media;Calculo;¿Cuál es el hessiano de x²+y² en (0,0)?;Definido positivo;Negativo;Indefinido;Cero;A
200;Optimització;Dificil;Calculo;¿Cuántas variables en problema con 3 restricciones y 2 variables?;5;6;3;2;D
201;Aprenentatge Computacional;Facil;Teoria;¿Qué es un batch?;Subconjunto de datos en una iteración;Epoch;Dataset completo;Muestra;A
202;Aprenentatge Computacional;Media;Teoria;¿Qué es validación cruzada?;Dividir datos en folds para evaluar robustez;Train-test split;Holdout;Bootstrap;A
203;Aprenentatge Computacional;Media;Teoria;¿Qué es el bias-variance tradeoff?;Compromiso entre sesgo y varianza del modelo;Overfitting;Underfitting;Regularización;A
204;Aprenentatge Computacional;Dificil;Teoria;¿Cómo se define un modelo predictivo?;Modelo que predice salida a partir de entrada;Modelo discriminativo;Modelo descriptivo;Modelo generativo;A
205;Aprenentatge Computacional;Dificil;Teoria;¿Qué es el early stopping?;Parar entrenamiento cuando valida empeora;Regularización;Dropout;Batch norm;A
206;Aprenentatge Computacional;Facil;Calculo;¿Cuántos parámetros en modelo con 3 inputs?;≥3;3;1;0;A
207;Aprenentatge Computacional;Facil;Calculo;¿Cuántas épocas mínimo para ver todos los datos?;1;0;10;100;A
208;Aprenentatge Computacional;Media;Calculo;¿Cuántos parámetros en regresión lineal con 5 features?;1;10;5;6;D
209;Aprenentatge Computacional;Media;Calculo;¿Cuántos pesos en capa 100→50?;5050;5000;150;50;A
210;Aprenentatge Computacional;Dificil;Calculo;Descenso en gradiente: si ∂L/∂w=4 y η=0,25, ¿actualización −η·∂L/∂w?;−1;−0,25;1;−4;A
211;Computació i Simulació d'Altes Prestacions;Facil;Teoria;¿Qué es un semáforo?;Variable entera para sincronización entre procesos;Tipo de cola de mensajes;Planificador de CPU;Página de memoria;A
212;Computació i Simulació d'Altes Prestacions;Media;Teoria;En computación paralela, ¿qué mide la escalabilidad fuerte?;Rendimiento al crecer datos y recursos proporcionalmente;Latencia de red únicamente;Rendimiento con problema fijo al aumentar recursos;Consumo eléctrico por nodo;C
213;Computació i Simulació d'Altes Prestacions;Dificil;Teoria;¿Qué es la computación paralela?;Distribuida;En la nube;Ejecución simultánea de tareas en múltiples procesadores;Secuencial;C
214;Computació i Simulació d'Altes Prestacions;Dificil;Teoria;La ley de Amdahl describe principalmente:;La cota superior del speedup al paralelizar limitada por la fracción secuencial;El tiempo de acceso a disco SSD;La eficiencia energética de GPUs;El ancho de banda de una red InfiniBand;A
215;Computació i Simulació d'Altes Prestacions;Dificil;Teoria;En MPI, ¿qué operación combina valores de todos los procesos y distribuye el resultado?;Broadcast;Allreduce;Scatter;Gather;B
216;Computació i Simulació d'Altes Prestacions;Facil;Calculo;¿Qué es un hilo (thread)?;Unidad de ejecución dentro de un proceso;Un proceso;Un semáforo;Un mutex;A
217;Computació i Simulació d'Altes Prestacions;Facil;Calculo;¿Qué es un mutex?;Mecanismo de exclusión mutua;Cola de mensajes;Planificador;Página de memoria;A
218;Computació i Simulació d'Altes Prestacions;Media;Calculo;Con 4 CPUs y 10 procesos listos, ¿cuántos pueden ejecutarse a la vez?;4;10;1;14;A
219;Computació i Simulació d'Altes Prestacions;Media;Calculo;Si el speedup con p procesadores es p/2, ¿cuál es la eficiencia?;50%;100%;25%;p/2;A
220;Computació i Simulació d'Altes Prestacions;Media;Calculo;Según la ley de Amdahl, si la parte secuencial aumenta, el speedup máximo:;Aumenta sin límite;Disminuye;No cambia nunca;Es igual al número de nodos;B
221;Equacions en Derivades Parcials;Facil;Teoria;¿Qué es u_xx en 1D?;Segunda derivada espacial;Derivada temporal;Laplaciano 2D;Gradiente;A
222;Equacions en Derivades Parcials;Media;Teoria;La ecuación del calor clásica es un ejemplo de EDP:;Elíptica;Parabólica;Hiperbólica pura;Algebraica;B
223;Equacions en Derivades Parcials;Dificil;Teoria;¿Qué es una EDP elíptica?;Ej: Laplace, sin dependencia temporal;Onda;Calor;Transporte;A
224;Equacions en Derivades Parcials;Dificil;Teoria;La ecuación u_tt = c² u_xx es el prototipo clásico de EDP de tipo:;Elíptico;Parabólico;Hiperbólico (ondas);Estático degenerado;C
225;Equacions en Derivades Parcials;Dificil;Teoria;¿Cómo se define una EDP hiperbólica?;Ej: ecuación de onda;Laplace;Difusión;Calor;A
226;Equacions en Derivades Parcials;Facil;Calculo;¿Cuántos puntos en malla 10×10?;100;81;121;20;A
227;Equacions en Derivades Parcials;Facil;Calculo;¿Cuántas condiciones iniciales para ecuación del calor 1D?;1;2;0;3;A
228;Equacions en Derivades Parcials;Media;Calculo;Solución u(x,t)=f(x-ct) satisface ecuación?;Onda;Calor;Laplace;Poisson;A
229;Equacions en Derivades Parcials;Media;Calculo;CFL para ecuación onda con c=1, Δt=0.1, Δx=0.2?;1;2;0.1;0.5;D
230;Equacions en Derivades Parcials;Media;Calculo;¿Cuántas condiciones de contorno para Laplace 2D?;En toda la frontera;1;0;2;A
231;Física, Abstracció i Computació;Facil;Teoria;¿Qué es la primera ley de Newton?;Un cuerpo mantiene su estado si no hay fuerza neta;Gravitación;Inercia;Segunda;A
232;Física, Abstracció i Computació;Media;Teoria;¿Qué es la datación radiométrica?;Determinar edad por desintegración de isótopos;Medir distancias;Espectroscopía;Fotometría;A
233;Física, Abstracció i Computació;Media;Teoria;¿Qué es la extinción interestelar?;Atenuación de luz por polvo;Redshift;Paralaje;Refracción;A
234;Física, Abstracció i Computació;Dificil;Teoria;¿Qué es la velocidad de escape?;Velocidad mínima para escapar del campo gravitatorio;Velocidad orbital;Velocidad de la luz;Velocidad terminal;A
235;Física, Abstracció i Computació;Dificil;Teoria;¿Qué es la energía potencial?;Térmica;Cinética;Nuclear;Energía almacenada por posición o configuración;D
236;Física, Abstracció i Computació;Facil;Calculo;Si pH = -log[H⁺]. Si [H⁺]=0.001, pH?;3;2;4;1;A
237;Física, Abstracció i Computació;Facil;Calculo;¿Cuántos átomos en H₂O?;3;2;1;4;A
238;Física, Abstracció i Computació;Media;Calculo;z=1 en redshift. ¿Factor expansión?;2;1;0;10;A
239;Física, Abstracció i Computació;Media;Calculo;¿Cuál es la energía cinética de m=2 kg y v=3 m/s?;0;18 J;6 J;9 J;D
240;Física, Abstracció i Computació;Dificil;Calculo;Un coche pasa de 10 m/s a 25 m/s en 5 s. ¿Cuál es su aceleración media?;5 m/s²;7.5 m/s²;3 m/s²;15 m/s²;C
241;Teoria de la Informació;Facil;Teoria;¿Qué expresa H(X) en teoría de la información?;Entropía de la variable aleatoria X;Error cuadrático medio;Capacidad de memoria caché;Tiempo de convergencia;A
242;Teoria de la Informació;Media;Teoria;¿Qué es la entropía condicional?;Incertidumbre de X dado Y;Entropía conjunta;Información mutua;Entropía de fuente;A
243;Teoria de la Informació;Media;Teoria;"¿Qué es la información mutua I(X;Y)?";Reducción de entropía de X al conocer Y;Entropía conjunta;Entropía condicional;Capacidad;A
244;Teoria de la Informació;Dificil;Teoria;¿Qué es la entropía de Shannon?;Medida de incertidumbre de una fuente;Información mutua;Capacidad del canal;Redundancia;A
245;Teoria de la Informació;Dificil;Teoria;El primer teorema de Shannon (codificación sin ruido) afirma, en esencia, que:;La tasa mínima de bits por símbolo puede acercarse a la entropía de la fuente;La capacidad de un canal siempre es log₂ del alfabeto;La entropía crece siempre al aplicar XOR;Toda fuente i.i.d. tiene entropía nula;A
246;Teoria de la Informació;Facil;Calculo;Entropía de fuente con 3 símbolos equiprobables?;0;log2(3) bits;3;1;B
247;Teoria de la Informació;Facil;Calculo;¿Entropía (bits/símbolo) de una fuente con 8 símbolos equiprobables?;1;2;3;4;C
248;Teoria de la Informació;Media;Calculo;¿Cuándo alcanza máximo la entropía de una Bernoulli(p)?;p=0.1;p=0.5;p=0.9;p=1;B
249;Teoria de la Informació;Media;Calculo;¿Cuál es la información de p=1/8?;0.125;3 bits;1;8;A
250;Teoria de la Informació;Dificil;Calculo;¿Cuál es la entropía máxima de una fuente con 4 símbolos?;log2(4);2 bits;2;4;B
251;Bases de Dades No Relacionals;Media;Teoria;¿Qué es Cassandra?;Base de datos NoSQL columnar distribuida;Documental;Relacional;Grafo;A
252;Bases de Dades No Relacionals;Media;Teoria;¿Cómo se define el operador $project en MongoDB?;Ordenación;Agrupación;Proyección de campos;Filtrado;C
253;Bases de Dades No Relacionals;Dificil;Teoria;¿Qué es una base clave-valor?;Almacén donde se accede por clave;Documental;Grafo;Columnar;A
254;Bases de Dades No Relacionals;Dificil;Teoria;¿Qué es un documento en MongoDB?;Una fila;Una columna;Una tabla;Estructura JSON/BSON que representa un registro;D
255;Bases de Dades No Relacionals;Dificil;Teoria;¿Qué ventaja ofrece NoSQL para datos no estructurados?;Normalización;Esquema flexible;ACID estricto;JOINs eficientes;B
256;Bases de Dades No Relacionals;Facil;Calculo;¿Qué es el modelo documento?;Almacena datos en documentos (ej. JSON);Tablas y filas;Nodos y aristas;Clave-valor;A
257;Bases de Dades No Relacionals;Facil;Calculo;¿Cuántos tipos principales de NoSQL hay?;4;2;3;1;A
258;Bases de Dades No Relacionals;Facil;Calculo;2^9 = ?;512;256;1024;128;A
259;Bases de Dades No Relacionals;Media;Calculo;¿Qué operador compara igualdad en consultas MongoDB?;==;$eq;igual;=;B
260;Bases de Dades No Relacionals;Media;Calculo;¿Cuántos folds en validación cruzada 5-fold?;1;10;5;20;C
261;Informació Quàntica;Facil;Teoria;¿Qué hace la puerta Hadamard?;Crea superposición |0⟩→(|0⟩+|1⟩)/√2;NOT;CNOT;Fase;A
262;Informació Quàntica;Media;Teoria;¿Qué propiedad algebraica deben cumplir las matrices que representan puertas cuánticas en un qubit?;Ser simétricas definidas positivas;Tener determinante nulo;Ser unitarias (conservan la norma del estado);Ser triangulares inferiores;C
263;Informació Quàntica;Media;Teoria;¿Cómo se define la teleportación cuántica?;Transferir estado usando entrelazamiento y comunicación clásica;Teletransporte de materia;Clonación de estados;Comunicación superlumínica;A
264;Informació Quàntica;Dificil;Teoria;¿Cómo se define el entrelazamiento cuántico?;Decoherencia;Correlaciones no clásicas entre qubits;Superposición;Medición;B
265;Informació Quàntica;Dificil;Teoria;¿Qué número de grados de libertad tiene un qubit?;3;4;1;2 (amplitudes complejas, menos fase global);D
266;Informació Quàntica;Facil;Calculo;¿Cuántos estados de Bell?;4;2;8;1;A
267;Informació Quàntica;Facil;Calculo;¿Cuántos qubits para 4 estados?;1;4;2;3;C
268;Informació Quàntica;Media;Calculo;¿Cuántos estados base para 3 qubits?;3;9;6;8;D
269;Informació Quàntica;Media;Calculo;¿Cuántos parámetros reales independientes describen un estado puro de un qubit (sin fase global)?;1;2;3;4;B
270;Informació Quàntica;Dificil;Calculo;En un sistema de n qubits, ¿cuántas amplitudes complejas tiene el vector de estado en la base computacional?;n;2n;n^2;2^n;D
271;Modelització i Simulació;Facil;Teoria;¿Qué es la simulación en tiempo real?;Batch;Resultados sincronizados con el tiempo físico;Offline;Monte Carlo;B
272;Modelització i Simulació;Media;Teoria;¿Qué es la lista de eventos (event list)?;Cola ordenada de eventos futuros en simulación;Historial de ejecución;Lista de procesos;Log de errores;A
273;Modelització i Simulació;Dificil;Teoria;¿Qué es el reloj de simulación?;Tiempo real;Timestamp;Contador de iteraciones;Variable que avanza el tiempo simulado;D
274;Modelització i Simulació;Dificil;Teoria;¿Qué es un modelo de eventos discretos?;Red neuronal;Modelo continuo;Sistema que cambia en instantes discretos;Ecuación diferencial;C
275;Modelització i Simulació;Dificil;Teoria;¿Cómo se define la verificación de un modelo?;Calibración;Sensibilidad;Comprobar que la implementación es correcta;Validación con datos reales;C
276;Modelització i Simulació;Facil;Calculo;¿Qué es la simulación de Monte Carlo?;Muestreo aleatorio para estimar cantidades;Simulación determinística;Optimización lineal;Regresión;A
277;Modelització i Simulació;Facil;Calculo;Si una simulación discreta procesa 500 eventos en 10 segundos simulados, la tasa media es:;5 eventos/seg;50 eventos/seg;5000 eventos/seg;0.5 eventos/seg;B
278;Modelització i Simulació;Media;Calculo;En un modelo discreto con paso Δt=0.1 s, ¿cuántos pasos cubren 5 s?;25;50;40;5;B
279;Modelització i Simulació;Media;Calculo;¿Qué es la validación de un modelo?;Comprobar que el modelo representa bien la realidad;Verificar sintaxis;Depuración;Documentación;A
280;Modelització i Simulació;Dificil;Calculo;En Monte Carlo, al aumentar N muestras, el error típico decrece como:;O(1/N);O(1/sqrt(N));O(log N);No decrece;B
281;Sistemes Distribuïts i el Núvol;Facil;Teoria;¿Qué ventaja principal aporta la replicación en sistemas distribuidos?;Mayor disponibilidad y tolerancia a fallos;Elimina toda latencia de red;Evita la sincronización completamente;Reduce a cero el almacenamiento;A
282;Sistemes Distribuïts i el Núvol;Media;Teoria;En el teorema CAP, bajo partición de red se prioriza normalmente:;Consistencia o disponibilidad (no ambas fuertes a la vez);Siempre consistencia y disponibilidad simultáneas;Solo rendimiento gráfico;Solo latencia cero;A
283;Sistemes Distribuïts i el Núvol;Dificil;Teoria;¿Qué es el teorema CAP?;Solo 2 de 3: Consistencia, Disponibilidad, Tolerancia a particiones;Teorema de codificación;Solo rendimiento gráfico;Teorema de Shannon;A
284;Sistemes Distribuïts i el Núvol;Dificil;Teoria;¿Cómo se define el throughput?;Capacidad;Cantidad de trabajo por unidad de tiempo;Ancho de banda;Latencia;B
285;Sistemes Distribuïts i el Núvol;Dificil;Teoria;En DNS público, ¿qué función cumplen conjuntamente los registros A y AAAA?;Mapear el mismo nombre de host a direcciones IPv4 (A) e IPv6 (AAAA) para clientes heterogéneos;Cifrar el tráfico entre resolutor y autoridad;Definir únicamente el puerto TCP del servicio;Sustituir al balanceador de capa 7;A
286;Sistemes Distribuïts i el Núvol;Facil;Calculo;¿Cuántas capas en red con 3 hidden?;4;3;2;5;A
287;Sistemes Distribuïts i el Núvol;Facil;Calculo;¿Cuántos particiones con 100 datos y 10 particiones?;10;100;1;5;A
288;Sistemes Distribuïts i el Núvol;Media;Calculo;¿Cuál es la parte real de e^(iπ/2)?;1;-1;i;0;D
289;Sistemes Distribuïts i el Núvol;Media;Calculo;Leverage 5x posición 1000€ ¿exposición?;5000€;200;5000;1000;A
290;Sistemes Distribuïts i el Núvol;Dificil;Calculo;¿Cuál es la capacidad del BSC con p=0?;0;1;2;0.5;B
291;Xarxes Neuronals i Aprenentatge Profund;Media;Teoria;¿Qué es una residual connection?;Conexión que suma entrada a salida de capa;Skip connection;Ambas;Ninguna;C
292;Xarxes Neuronals i Aprenentatge Profund;Dificil;Teoria;¿Qué es el meta-análisis?;Combinación estadística de resultados de varios estudios;Un solo estudio;Revisión narrativa;Estudio piloto;A
293;Xarxes Neuronals i Aprenentatge Profund;Dificil;Teoria;¿Qué hace la capa de dropout?;Pooling;Desactiva neuronas aleatoriamente en entrenamiento;Convolución;Normalización;B
294;Xarxes Neuronals i Aprenentatge Profund;Dificil;Teoria;¿Qué efecto busca principalmente el batch normalization en el entrenamiento de redes profundas?;Eliminar la necesidad de función de activación;Aumentar el tamaño efectivo del conjunto de entrenamiento;Estabilizar y reescalar activaciones por lote para acelerar convergencia y mitigar cambios de covarianza interna;Sustituir la retropropagación por diferencias finitas;C
295;Xarxes Neuronals i Aprenentatge Profund;Dificil;Teoria;¿Qué es la conexión residual (skip connection)?;Sumar entrada a salida de capa;Convolución;Pooling;Dropout;A
296;Xarxes Neuronals i Aprenentatge Profund;Facil;Calculo;¿Qué es el softmax?;Función que convierte logits en probabilidades;ReLU;Sigmoid;Tanh;A
297;Xarxes Neuronals i Aprenentatge Profund;Facil;Calculo;¿Cuál es el softmax de [0,0]?;[0.5, 0.5];[0, 0];[1, 1];[0, 0.5];A
298;Xarxes Neuronals i Aprenentatge Profund;Facil;Calculo;¿Qué tamaño tiene la salida del pooling 2×2 sobre 4×4, ¿salida?;2×2;4×4;1×1;8×8;A
299;Xarxes Neuronals i Aprenentatge Profund;Media;Calculo;¿Cuál es la salida de ReLU(0)?;0;1;-1;0.5;A
300;Xarxes Neuronals i Aprenentatge Profund;Media;Calculo;¿Cuántas variables en min x+y?;3;2;0;1;B
301;Anàlisi de Dades Financeres;Facil;Teoria;¿Qué es el PIB real?;PIB ajustado por inflación;PIB nominal;PIB per cápita;PIB potencial;A
302;Anàlisi de Dades Financeres;Media;Teoria;El ratio de Sharpe mide:;Exceso de rentabilidad por unidad de volatilidad total;Solo la rentabilidad nominal sin riesgo;El apalancamiento máximo permitido;La liquidez intradía;A
303;Anàlisi de Dades Financeres;Dificil;Teoria;¿Qué es el ratio de Sharpe?;(Retorno - libre riesgo) / volatilidad;Beta;Alpha;VaR;A
304;Anàlisi de Dades Financeres;Dificil;Teoria;En el modelo de valoración de activos CAPM, ¿qué interpreta el coeficiente beta de un activo?;La sensibilidad del exceso de rentabilidad del activo respecto al del mercado;La volatilidad idiosincrática sin riesgo sistemático;La correlación con la tasa libre de riesgo únicamente;El alfa anualizado tras impuestos;A
305;Anàlisi de Dades Financeres;Dificil;Teoria;¿Qué mide la beta de un activo?;Sensibilidad al mercado;Rentabilidad;Volatilidad;Riesgo idiosincrático;A
306;Anàlisi de Dades Financeres;Facil;Calculo;Riesgo relativo 3. ¿Cuántas veces más riesgo?;3;2;1;0;A
307;Anàlisi de Dades Financeres;Facil;Calculo;OR=2. ¿Riesgo duplicado?;Sí;No;Depende;Mitad;A
308;Anàlisi de Dades Financeres;Media;Calculo;Beta=1.5, mercado sube 10%. ¿Activo esperado?;15%;10%;5%;1.5;A
309;Anàlisi de Dades Financeres;Media;Calculo;PMC=0.8. ¿Multiplicador keynesiano?;4;5;1.25;0.8;B
310;Anàlisi de Dades Financeres;Dificil;Calculo;Si inflación 2%, ¿precio real de 100€ nominales?;100;100/(1+2/100);100*(1+2/100);2;B
311;Anàlisi de Dades Temporals;Facil;Teoria;¿Qué describe la autocorrelación en una serie temporal?;Dependencia entre observaciones separadas por un retardo;Correlación entre variables distintas en un mismo instante;Error de medición sistemático;Solo tendencia determinista;A
312;Anàlisi de Dades Temporals;Media;Teoria;¿Qué es la ventana de predicción?;Horizonte temporal a predecir;Tamaño del entrenamiento;Lag máximo;Orden del modelo;A
313;Anàlisi de Dades Temporals;Dificil;Teoria;¿Qué es la descomposición de una serie temporal?;Tendencia + Estacionalidad + Ruido;Media + varianza;AR + MA;Trend + cycle;A
314;Anàlisi de Dades Temporals;Dificil;Teoria;¿Qué es una media móvil?;Promedio sobre ventana deslizante;Media aritmética;Mediana;Moda;A
315;Anàlisi de Dades Temporals;Dificil;Teoria;¿Cómo se define la tendencia en una serie temporal?;Ciclo;Componente de largo plazo;Ruido;Estacionalidad;B
316;Anàlisi de Dades Temporals;Facil;Calculo;¿Qué es una serie temporal estacionaria?;Media y varianza constantes en el tiempo;Sin tendencia;Periódica;Determinística;A
317;Anàlisi de Dades Temporals;Facil;Calculo;¿Cuántas observaciones para ARIMA(1,0,1)?;≥2;1;0;10;A
318;Anàlisi de Dades Temporals;Media;Calculo;¿Cuál es la solución de dy/dx=cos(x)?;y=sen(x);y=sen(x)+C;y=cos(x);y=-cos(x)+C;B
319;Anàlisi de Dades Temporals;Media;Calculo;Tendencia lineal: pendiente 2, ordenada 1. Valor en t=3?;3;6;7;5;C
320;Anàlisi de Dades Temporals;Dificil;Calculo;Para la serie 2 4 6 8 10 ¿media móvil de orden 2 en t=5?;10;6;8;9;D
321;Anàlisi Topològica de Dades;Facil;Teoria;¿Cuántos vértices tiene un 2-símplice?;2;3;4;5;B
322;Anàlisi Topològica de Dades;Media;Teoria;En un diagrama de persistencia, ¿qué representa la coordenada de nacimiento (birth) de un punto?;La escala de filtración en la que aparece la característica;La escala en la que desaparece;El número de vértices del complejo;La dimensión del espacio ambiente;A
323;Anàlisi Topològica de Dades;Dificil;Teoria;¿Cómo se define la homología persistente?;PCA;Método para extraer características topológicas a múltiples escalas;Regresión lineal;Clustering jerárquico;B
324;Anàlisi Topològica de Dades;Dificil;Teoria;En homología persistente, ¿qué cuenta habitualmente el número de Betti β₁?;Componentes conexas;Túneles o ciclos de dimensión 1;Cavidades tridimensionales;Puntos aislados;B
325;Anàlisi Topològica de Dades;Dificil;Teoria;¿Qué mide la persistencia de una característica?;Su importancia;Diferencia entre escala de muerte y nacimiento;Su dimensión;Número de vértices;B
326;Anàlisi Topològica de Dades;Facil;Calculo;¿Cuántos vértices tiene un 0-símplice en un complejo simplicial?;1;2;3;0;A
327;Anàlisi Topològica de Dades;Facil;Calculo;¿Qué es un diagrama de persistencia?;Grafo de flujo;Representación de características topológicas según escala de nacimiento y muerte;Matriz de adyacencia;Árbol de decisión;B
328;Anàlisi Topològica de Dades;Media;Calculo;¿Cuántos vértices tiene un 1-símplice?;1;2;3;4;B
329;Anàlisi Topològica de Dades;Media;Calculo;En un complejo con 2 componentes conexas, ¿cuál es β₀?;3;2;1;0;B
330;Anàlisi Topològica de Dades;Dificil;Calculo;¿Qué es el complejo de Čech para radio r?;Grafo completo;Complejo donde k+1 puntos forman k-símplice si las bolas de radio r se intersectan;Árbol de expansión;Red neuronal;B
331;Internet de les Coses;Facil;Teoria;¿Qué es un gateway en IoT?;Dispositivo que conecta sensores con la nube;Sensor;Actuador;Base de datos;A
332;Internet de les Coses;Media;Teoria;¿Qué es MQTT?;Protocolo ligero pub/sub para IoT;HTTP;CoAP;TCP;A
333;Internet de les Coses;Dificil;Teoria;¿Por qué MQTT suele usarse en IoT frente a HTTP clásico para telemetría periódica?;Porque MQTT obliga siempre a conexiones UDP sin cifrado;Porque HTTP no puede usar TLS;Porque elimina la necesidad de broker;Por su modelo ligero publish/subscribe y cabeceras reducidas frente a peticiones HTTP repetitivas;D
334;Internet de les Coses;Dificil;Teoria;¿Qué es un sensor en IoT?;Dispositivo que captura datos del entorno;Actuador;Gateway;Protocolo;A
335;Internet de les Coses;Dificil;Teoria;¿Qué protocolo de IoT está diseñado para dispositivos con recursos limitados y funciona sobre UDP?;HTTP;CoAP;MQTT;FTP;B
336;Internet de les Coses;Facil;Calculo;¿Cuántos dispositivos en red con /24?;254;256;255;24;A
337;Internet de les Coses;Facil;Calculo;¿Cuántos dispositivos en máscara /28?;14;16;28;256;A
338;Internet de les Coses;Media;Calculo;Un dispositivo IoT envía 2 mensajes por segundo durante 5 minutos sin pausa. ¿Cuántos mensajes envía en total?;300;600;120;60;B
339;Internet de les Coses;Media;Calculo;Un sensor envía 1 lectura por segundo durante 5 minutos. ¿Cuántas lecturas envía?;60;120;300;600;C
340;Internet de les Coses;Dificil;Calculo;Si cada mensaje IoT ocupa 200 bytes y se envían 50 mensajes por segundo, ¿qué caudal se genera?;5 KB/s;50 KB/s;100 KB/s;10 KB/s;D
341;Mètodes d Anàlisi en Ciències de la Salut;Facil;Teoria;¿Qué es el valor predictivo positivo (VPP)?;P(enfermo|test positivo);P(test positivo|enfermo);Sensibilidad;Prevalencia;A
342;Mètodes d Anàlisi en Ciències de la Salut;Media;Teoria;¿Qué mide la heterogeneidad en un meta-análisis?;Tamaño del efecto;Variabilidad entre estudios más allá del azar;Sesgo de publicación;Calidad metodológica;B
343;Mètodes d Anàlisi en Ciències de la Salut;Dificil;Teoria;¿Cómo se define la sensibilidad de una prueba diagnóstica?;Prevalencia;Proporción de verdaderos positivos entre los enfermos;Especificidad;Valor predictivo positivo;B
344;Mètodes d Anàlisi en Ciències de la Salut;Dificil;Teoria;¿Qué objetivo metodológico principal persigue la aleatorización en un ensayo clínico controlado?;Eliminar la necesidad de consentimiento informado;Sustituir el análisis por intención de tratar;Obligar ciego doble en fase IV obligatoriamente;Reducir sesgos de selección y confundidores entre intervención y desenlace;D
345;Mètodes d Anàlisi en Ciències de la Salut;Dificil;Teoria;¿Qué es el análisis de mediación?;Estudiar si un efecto pasa por una variable intermedia;Mediana;Media;Moda;A
346;Mètodes d Anàlisi en Ciències de la Salut;Facil;Calculo;¿Cuántos estudios en meta-análisis de 5 estudios?;5;1;10;0;A
347;Mètodes d Anàlisi en Ciències de la Salut;Facil;Calculo;De 200 individuos sanos, 190 dan negativo y 10 falso positivo. ¿Especificidad?;0,90;0,85;0,05;0,95;D
348;Mètodes d Anàlisi en Ciències de la Salut;Media;Calculo;NNT=5 significa que hay que tratar a cuántos para un beneficio adicional?;5;10;1/5;n²;A
349;Mètodes d Anàlisi en Ciències de la Salut;Media;Calculo;NNT=10 significa que hay que tratar a cuántos para un beneficio adicional?;10;5;1/10;n²;A
350;Mètodes d Anàlisi en Ciències de la Salut;Dificil;Calculo;Prevalencia 50%, sensibilidad 0,9, especificidad 0,9. ¿VPP (valor predictivo positivo) aproximado?;0,67;0,90;0,05;0,50;B
351;Anàlisi de Dades en Astrofísica;Facil;Teoria;¿Qué es el redshift?;Desplazamiento al rojo por efecto Doppler cosmológico;Color de una estrella;Temperatura superficial;Masa estelar;A
352;Anàlisi de Dades en Astrofísica;Media;Teoria;¿Qué es la ley de Stefan-Boltzmann?;Luminosidad proporcional a T⁴;Ley de Hubble;Ecuación de estado;Ley de Wien;A
353;Anàlisi de Dades en Astrofísica;Dificil;Teoria;En astrofísica observacional, ¿qué corrige principalmente la extinción interestelar en magnitudes fotométricas?;El efecto Doppler transversal;El paralaje galáctico;La nutación del eje terrestre;La atenuación de la luz por polvo y gas entre la fuente y el observador;D
354;Anàlisi de Dades en Astrofísica;Dificil;Teoria;¿Cómo se define la magnitud aparente?;Temperatura;Luminosidad;Brillo observado desde la Tierra;Magnitud absoluta;C
355;Anàlisi de Dades en Astrofísica;Dificil;Teoria;En cosmología observacional, el corrimiento al rojo z de una galaxia lejana se usa principalmente para:;Medir directamente la masa estelar sin modelos;Inferir expansión del universo y distancias en modelos ΛCDM;Eliminar la extinción interestelar sin fotometría;Determinar la metalicidad sin espectros;B
356;Anàlisi de Dades en Astrofísica;Facil;Calculo;Paralaje 0.1 arcsec ¿distancia en pc?;0.1;100;Ninguna de las anteriores;10;D
357;Anàlisi de Dades en Astrofísica;Facil;Calculo;Paralaje 50 mas (1 mas = 1 pc). ¿Distancia aproximada en pc?;0,02;50;1;20;A
358;Anàlisi de Dades en Astrofísica;Media;Calculo;Ley Stefan-Boltzmann L∝T⁴. Si T duplica, ¿L?;×16;×2;×4;×8;A
359;Anàlisi de Dades en Astrofísica;Media;Calculo;Luminosidad 4L0 distancia 2d0 ¿flujo ratio?;Ninguna de las anteriores;1;2;4;B
360;Anàlisi de Dades en Astrofísica;Dificil;Calculo;Si una galaxia tiene z=0.02 y c≈300000 km/s, ¿velocidad radial aproximada v≈zc?;300 km/s;6000 km/s;15000 km/s;30000 km/s;B
361;Bioinformàtica;Facil;Teoria;¿Qué mide la distancia de Hamming entre dos cadenas del mismo largo?;Coste mínimo de inserción y borrado;Suma de valores ASCII;Número de posiciones en que difieren los símbolos;Longitud de la subcadena común más larga;C
362;Bioinformàtica;Media;Teoria;¿Cuántas bases nitrogenadas hay en ADN?;20;4 (A,T,C,G);2;5;B
363;Bioinformàtica;Dificil;Teoria;En inferencia filogenética por distancias (p.ej. UPGMA), ¿qué supuesto fuerte se asume sobre la matriz de distancias?;Que las distancias sigan exactamente un árbol aditivo sin error;Que no haya homoplasia;Que la raíz esté siempre en el taxón externo conocido;Que las distancias sean ultramétricas (molecular clock implícito en UPGMA);D
364;Bioinformàtica;Dificil;Teoria;¿Qué es el alineamiento múltiple de secuencias?;Alinear 3+ secuencias simultáneamente;Pareado;BLAST;Búsqueda;A
365;Bioinformàtica;Dificil;Teoria;¿Qué es BLAST?;Búsqueda de similitud de secuencias;Alineamiento múltiple;Ensamblaje;Anotación;A
366;Bioinformàtica;Facil;Calculo;¿Cuántos codones posibles?;64;20;4;61;A
367;Bioinformàtica;Facil;Calculo;Distancia Hamming entre ATCG y ATTG?;1;0;2;4;A
368;Bioinformàtica;Media;Calculo;Secuencia 1000 bases. ¿Cuántos k-mers con k=5?;1000;5;995;996;D
369;Bioinformàtica;Media;Calculo;k-mer de longitud 3 en secuencia 10. ¿Cuántos?;8;3;10;7;A
370;Bioinformàtica;Dificil;Calculo;En secuencia de longitud 100, ¿cuántos 3-mers solapados (paso 1) hay?;97;98;99;100;B
371;Informació i Seguretat;Facil;Teoria;¿Qué es la esteganografía?;Ocultar información dentro de otro medio;Cifrado;Hash;Firma;A
372;Informació i Seguretat;Media;Teoria;¿Qué es un salt en hashing?;Valor aleatorio para evitar rainbow tables;Clave;IV;Nonce;A
373;Informació i Seguretat;Dificil;Teoria;¿Cómo se define la tríada CIA?;RSA, AES, SHA;Confidencialidad, Integridad, Disponibilidad;Cifrado, Hash, Firma;Auth, Authz, Audit;B
374;Informació i Seguretat;Dificil;Teoria;¿Cómo se define un hash criptográfico?;Cifrado;Firma digital;Función unidireccional que produce huella fija;Certificado;C
375;Informació i Seguretat;Dificil;Teoria;¿Qué es el problema del logaritmo discreto?;Base de seguridad de DH y similares;Factorización;Hash collision;Cifrado;A
376;Informació i Seguretat;Facil;Calculo;¿Cuántas rondas AES-128?;10;12;14;16;A
377;Informació i Seguretat;Facil;Calculo;¿Cuántas claves posibles con n bits?;2^n;n;n²;2n;A
378;Informació i Seguretat;Media;Calculo;¿Qué accuracy con 80 aciertos de 80?;0.8;1;80;0;B
379;Informació i Seguretat;Media;Calculo;Si una contraseña tiene 8 caracteres y cada uno puede ser una de 26 letras minúsculas, ¿cuántas combinaciones hay?;8^26;2^8;26^8;26*8;C
380;Informació i Seguretat;Dificil;Calculo;Mensaje 64 bits hash 256 bits ¿tamaño salida?;320;64;256 bits;256;D
381;Teoria de Jocs;Facil;Teoria;¿Qué es una estrategia dominante?;Mejor respuesta independiente del rival;Nash;Maximin;Pareto;A
382;Teoria de Jocs;Media;Teoria;¿Qué es el equilibrio correlacionado?;Puro;Estrategias coordinadas por señal externa;Mixto;Nash;B
383;Teoria de Jocs;Dificil;Teoria;¿Cómo se define un juego repetido infinitamente?;Sin horizonte conocido;Finito;Un solo periodo;Estático;A
384;Teoria de Jocs;Dificil;Teoria;En juego repetido con horizonte finito y factor δ, el Nash del one-shot:;Siempre es SPE;Nunca es SPE;Puede ser SPE;No existe SPE;A
385;Teoria de Jocs;Dificil;Teoria;En juego 3x3 con dos equilibrios de Nash en puras, ¿puede existir tercero en mixtas?;No nunca;Sí siempre;Sí puede existir;Solo si simétrico;C
386;Teoria de Jocs;Facil;Calculo;¿Cuántos jugadores en juego 2×2?;2;4;1;3;A
387;Teoria de Jocs;Facil;Calculo;¿Cuántos equilibrios de Nash máximo en 2×2?;4;1;2;0;A
388;Teoria de Jocs;Media;Calculo;¿Cuántas estrategias puras en juego 2×2?;8;1;2;4;D
389;Teoria de Jocs;Media;Calculo;Juego suma cero fila gana 5 ¿columna pierde?;5;-5;0;10;A
390;Teoria de Jocs;Dificil;Calculo;Juego 2 jugadores 2 estrategias cada uno ¿cuántos perfiles?;8;4;2;Ninguna de las anteriores;B
391;Visió per Computador;Facil;Teoria;En una CNN, ¿qué hace un kernel de convolución?;Extrae patrones locales de la imagen;Ordena etiquetas alfabéticamente;Reduce siempre a un escalar;Sustituye la función de pérdida;A
392;Visió per Computador;Media;Teoria;¿Qué efecto tiene el pooling en mapas de características?;Aumenta resolución espacial;Reduce dimensionalidad espacial y gana robustez;Elimina no linealidades;Convierte RGB en texto;B
393;Visió per Computador;Dificil;Teoria;¿Qué es un píxel?;Elemento mínimo de una imagen;Filtro;Canal;Kernel;A
394;Visió per Computador;Dificil;Teoria;¿Qué es el descriptor de características?;Filtro;Detector;Vector que describe región de la imagen;Kernel;C
395;Visió per Computador;Dificil;Teoria;¿Qué distingue típicamente una capa convolucional de un filtrado lineal global sobre toda la imagen?;Uso obligatorio de histogramas de color;Que el kernel deba ser siempre 1×1;Localidad espacial y compartición de pesos que codifican patrones trasladables;Que no exista stride ni padding;C
396;Visió per Computador;Facil;Calculo;¿Cuántos canales en RGB?;3;1;2;4;A
397;Visió per Computador;Facil;Calculo;¿Cuántos valores en histograma 256 bins?;256;255;128;1;A
398;Visió per Computador;Media;Calculo;Imagen 8×8, kernel 3×3, stride 1. ¿Output?;6×6;8×8;5×5;3×3;A
399;Visió per Computador;Media;Calculo;¿Qué es la convolución 2D?;Filtro deslizante sobre imagen;Pooling;ReLU;Batch norm;A
400;Visió per Computador;Dificil;Calculo;Convolución 3x3 con stride 1 y padding 0 sobre entrada de 32x32: ¿salida?;32x32;29x29;34x34;30x30;D
